"sim_idx","method","converged","true_beta","true_R0","pred_beta","pred_R0","n","prevalence","recov","incub","mae","rmse","smape","pearson_r","peak_day_true","peak_day_pred","peak_day_err","peak_size_true","peak_size_pred","rel_peak_err","total_true","total_pred","dieout_pred","err_beta_pct","err_R0_pct","time_sec","cpu_sec","n_evals","n_model_runs"
2585,"Oracle",TRUE,0.6015245,2.8415031,0.6015245,2.8415031,5115,0.32864127,0.21169233,6.986592,1.06593406593407,3.76708561967127,5.5222891559196,0.99588246384669,11,2,9,225,205,8.88888884938272,4612,4623,0,0,0,NA,NA,NA,NA
2585,"ABC",TRUE,0.6015245,2.8415031,0.0511466621070563,0.24160848013273,5115,0.32864127,0.21169233,6.986592,7.91895604395604,26.868230044316,27.3684413183216,0.851957831154597,11,2,9,225,205,8.88888884938272,4612,1729.5,0,91.4970085047007,91.497127168223,NA,NA,NA,NA
2585,"ABC-SMC",TRUE,0.6015245,2.8415031,0.614423271371057,2.90243520571131,5115,0.32864127,0.21169233,6.986592,1.07417582417582,3.74330904913856,5.74184906234979,0.995943303251311,11,2,9,225,205,8.88888884938272,4612,4641,0,2.1443432358324,2.14436099920847,NA,NA,NA,NA
2585,"NelderMead",TRUE,0.6015245,2.8415031,0.543103825201763,2.56553378765194,5115,0.32864127,0.21169233,6.986592,1.15384615384615,4.42504733941276,5.26631435143881,0.995058955332195,11,2,9,225,205,8.88888884938272,4612,4538,0,9.71208615399297,9.7120856643515,NA,NA,NA,NA
2585,"DE",TRUE,0.6015245,2.8415031,0.634682151028337,2.99813484517052,5115,0.32864127,0.21169233,6.986592,1.09065934065934,3.79632558035898,6.38133215781119,0.99596587014798,11,2,9,225,205,8.88888884938272,4612,4666,0,5.51226024970463,5.51228291982827,NA,NA,NA,NA
2585,"BiLSTM",TRUE,0.6015245,2.8415031,0.612824201583862,2.92947292327881,5115,0.32864127,0.21169233,6.986592,1.07005494505495,3.7360546563995,6.07217490416502,0.995957934363264,11,2,9,225,205,8.88888884938272,4612,4639.5,0,1.87850749201194,3.0958893664383,NA,NA,NA,NA
3350,"Oracle",TRUE,0.5494768,3.6872847,0.5494768,3.6872847,6397,0.05690167,0.14901936,8.059767,1.35576923076923,3.94022995368444,10.5551981971772,0.995651487451416,31,29,2,198,179,9.59595954749515,6158,6161.5,0,0,0,NA,NA,NA,NA
3350,"ABC",TRUE,0.5494768,3.6872847,0.522447458123764,3.5059032472275,6397,0.05690167,0.14901936,8.059767,1.79807692307692,5.15601377247754,10.2467944939857,0.992877867224075,31,29,2,198,170.5,13.888888818743,6158,6116.5,0,4.91909625397713,4.91910493327112,NA,NA,NA,NA
3350,"ABC-SMC",TRUE,0.5494768,3.6872847,0.552189339261316,3.70548725522185,6397,0.05690167,0.14901936,8.059767,1.36126373626374,3.95606017243319,10.3357534341677,0.995620264180415,31,29,2,198,180,9.09090904499541,6158,6156.5,0,0.493657662114099,0.493657305205558,NA,NA,NA,NA
3350,"NelderMead",TRUE,0.5494768,3.6872847,0.530616268051449,3.56072035238541,6397,0.05690167,0.14901936,8.059767,1.58104395604396,4.69765840664203,9.11970298024256,0.993977785727524,31,30,1,198,174,12.1212120599939,6158,6124.5,0,3.43244657901574,3.43245297251011,NA,NA,NA,NA
3350,"DE",TRUE,0.5494768,3.6872847,0.549278547636165,3.68595427893506,6397,0.05690167,0.14901936,8.059767,1.34752747252747,3.91364547182303,10.1979011367795,0.995708481475108,31,28,3,198,178.5,9.84848479874503,6158,6153.5,0,0.0360801407873024,0.0360813121950404,NA,NA,NA,NA
3350,"BiLSTM",TRUE,0.5494768,3.6872847,0.554773449897766,3.74094724655151,6397,0.05690167,0.14901936,8.059767,1.36675824175824,3.95276019849588,10.4787440923063,0.995640370252174,31,28,3,198,180.5,8.83838379374554,6158,6154.5,0,0.963942473702509,1.45534007716065,NA,NA,NA,NA
3974,"Oracle",TRUE,0.19155811,1.1229231,0.19155811,1.1229231,5161,0.36097655,0.17058879,16.97857,1.44642857142857,3.28133666813851,24.8754022640446,0.987304108963127,10,2,8,96,103,7.29166659071181,3594,3523.5,0,0,0,NA,NA,NA,NA
3974,"ABC",TRUE,0.19155811,1.1229231,0.000438558543498523,0.00257085206770341,5161,0.36097655,0.17058879,16.97857,5.3228021978022,11.1704759507835,64.171527246715,0.889710483284031,10,2,8,96,102,6.24999993489583,3594,1728.5,0,99.7705363407157,99.7709683078577,NA,NA,NA,NA
3974,"ABC-SMC",TRUE,0.19155811,1.1229231,0.202989021331358,1.1899317729574,5161,0.36097655,0.17058879,16.97857,1.45467032967033,3.18791071475892,25.4557708731987,0.988124355192215,10,2,8,96,102,6.24999993489583,3594,3621.5,0,5.96730238063749,5.9673376818077,NA,NA,NA,NA
3974,"NelderMead",TRUE,0.19155811,1.1229231,0.175484467753941,1.02869870730627,5161,0.36097655,0.17058879,16.97857,1.52197802197802,3.5322299403703,25.0759861156919,0.98592837844279,10,2,8,96,102,6.24999993489583,3594,3371,0,8.39095684149869,8.39098499121444,NA,NA,NA,NA
3974,"DE",TRUE,0.19155811,1.1229231,0.205468785859822,1.2044682763728,5161,0.36097655,0.17058879,16.97857,1.4739010989011,3.20745611431781,26.0333300725521,0.98809495130993,10,2,8,96,102,6.24999993489583,3594,3644.5,0,7.26181900710543,7.26186002890134,NA,NA,NA,NA
3974,"BiLSTM",TRUE,0.19155811,1.1229231,0.256837844848633,1.450434923172,5161,0.36097655,0.17058879,16.97857,1.7967032967033,3.92897100865013,26.3213218203722,0.988754033113313,10,2,8,96,102,6.24999993489583,3594,4038,0,34.0781155480587,29.1659804230755,NA,NA,NA,NA
4387,"Oracle",TRUE,0.19887717,1.7418182,0.19887717,1.7418182,8521,0.10749912,0.11417792,9.280161,2.03846153846154,4.52632713826976,18.0650796177973,0.987079454852976,49,2,47,98,87,11.2244896813828,6342,6346,0,0,0,NA,NA,NA,NA
4387,"ABC",TRUE,0.19887717,1.7418182,0.196292031379493,1.71917680213034,8521,0.10749912,0.11417792,9.280161,2.03021978021978,4.48639579760271,19.0526036524942,0.987236670718177,49,2,47,98,88,10.2040815285298,6342,6280,0,1.29986042234147,1.2998707253692,NA,NA,NA,NA
4387,"ABC-SMC",TRUE,0.19887717,1.7418182,0.194115511555813,1.7001142738965,8521,0.10749912,0.11417792,9.280161,2.06868131868132,4.48379254698471,19.7390982732877,0.987413818818509,49,2,47,98,88,10.2040815285298,6342,6227,0,2.39425897985033,2.39427410741023,NA,NA,NA,NA
4387,"NelderMead",TRUE,0.19887717,1.7418182,0.198949717230982,1.74245350791976,8521,0.10749912,0.11417792,9.280161,2.03983516483516,4.52427821940621,18.53921555607,0.987089431245416,49,2,47,98,88,10.2040815285298,6342,6341.5,0,0.0364782273398923,0.03647381540863,NA,NA,NA,NA
4387,"DE",TRUE,0.19887717,1.7418182,0.195727864027537,1.71423567733181,8521,0.10749912,0.11417792,9.280161,2.04120879120879,4.49052727024736,19.3370405215752,0.987229771649797,49,2,47,98,88,10.2040815285298,6342,6273,0,1.58353527310865,1.583546826685,NA,NA,NA,NA
4387,"BiLSTM",TRUE,0.19887717,1.7418182,0.196411147713661,1.68939960002899,8521,0.10749912,0.11417792,9.280161,2.01236263736264,4.44849956183524,18.0315950326151,0.987447793728566,49,2,47,98,88,10.2040815285298,6342,6289.5,0,1.23996630014184,3.00941681955327,NA,NA,NA,NA
4618,"Oracle",TRUE,0.39757252,2.5412402,0.39757252,2.5412402,8868,0.0180424,0.15644822,18.22676,2.96978021978022,5.17960391374637,28.3625482489295,0.983644209041502,81,84,3,104,89,14.4230767843935,7926,7896,0,0,0,NA,NA,NA,NA
4618,"ABC",TRUE,0.39757252,2.5412402,0.385355291745305,2.46314909652091,8868,0.0180424,0.15644822,18.22676,2.99038461538462,5.12314024149895,30.64428837692,0.983963006479173,81,89,8,104,85,18.2692305935651,7926,7806.5,0,3.07294818193501,3.0729512601594,NA,NA,NA,NA
4618,"ABC-SMC",TRUE,0.39757252,2.5412402,0.388451637717515,2.4829406030795,8868,0.0180424,0.15644822,18.22676,2.94642857142857,5.03824657707705,29.9251383819102,0.984348310056141,81,90,9,104,87,16.3461536889793,7926,7826.5,0,2.29413726610489,2.29413866422833,NA,NA,NA,NA
4618,"NelderMead",TRUE,0.39757252,2.5412402,0.384806616096282,2.45964202147063,8868,0.0180424,0.15644822,18.22676,2.98351648351648,5.16818777088883,29.8216459536247,0.983688824669896,81,86,5,104,85,18.2692305935651,7926,7801,0,3.21095426670217,3.21095764264211,NA,NA,NA,NA
4618,"DE",TRUE,0.39757252,2.5412402,0.391584123754276,2.50296311299851,8868,0.0180424,0.15644822,18.22676,2.92857142857143,5.07390436394947,28.7538476956615,0.984084119528632,81,90,9,104,87,16.3461536889793,7926,7846,0,1.50623619141537,1.50623588982777,NA,NA,NA,NA
4618,"BiLSTM",TRUE,0.39757252,2.5412402,0.385517209768295,2.46234059333801,8868,0.0180424,0.15644822,18.22676,3.00824175824176,5.13699681367784,30.938660763211,0.983874613494903,81,89,8,104,86,17.3076921412722,7926,7797,0,3.0322216207218,3.10476654722846,NA,NA,NA,NA
7286,"Oracle",TRUE,1.1220453,4.721329,1.1220453,4.721329,9341,0.013381865,0.23765452,19.344357,5.90796703296703,12.2631685219523,23.2786509736615,0.966795421597043,54,56,2,190,169,11.0526315207756,9232,9137.5,0,0,0,NA,NA,NA,NA
7286,"ABC",TRUE,1.1220453,4.721329,8.64391932292585,36.3717859139639,9341,0.013381865,0.23765452,19.344357,5.88461538461539,12.2229180343617,23.7202574911096,0.967020301728275,54,56,2,190,169,11.0526315207756,9232,9133,0,670.371091008085,670.371630747351,NA,NA,NA,NA
7286,"ABC-SMC",TRUE,1.1220453,4.721329,0.748807061305141,3.15082187919313,9341,0.013381865,0.23765452,19.344357,15.7637362637363,29.9952835120296,58.0848631323695,0.780990061729132,54,70,16,190,129,32.1052629889197,9232,8808,0,33.264067507273,33.2640828073206,NA,NA,NA,NA
7286,"NelderMead",TRUE,1.1220453,4.721329,0.799967823287815,3.3660955545378,9341,0.013381865,0.23765452,19.344357,13.4739010989011,26.1814122261166,47.1348719998917,0.838166750493138,54,67,13,190,138,27.3684209085873,9232,8905.5,0,28.7044729537618,28.7044846571242,NA,NA,NA,NA
7286,"DE",TRUE,1.1220453,4.721329,0.799275201801423,3.36318114968494,9341,0.013381865,0.23765452,19.344357,13.489010989011,26.18737952056,47.7211823633999,0.838076149878389,54,67,13,190,137,27.8947366952909,9232,8913,0,28.7662013767682,28.766213128823,NA,NA,NA,NA
7286,"BiLSTM",TRUE,1.1220453,4.721329,1.04551422595978,4.51965475082397,9341,0.013381865,0.23765452,19.344357,5.88461538461539,12.2229180343617,23.7202574911096,0.967020301728275,54,56,2,190,169,11.0526315207756,9232,9133,0,6.82066988146764,4.27155587887365,NA,NA,NA,NA
7924,"Oracle",TRUE,0.63472605,2.6939147,0.63472605,2.6939147,6621,0.23259327,0.23561475,9.786703,1.61950549450549,4.63999277661431,14.6269176881526,0.994109779689646,15,15,0,192,171,10.9374999430339,6026,6031.5,0,0,0,NA,NA,NA,NA
7924,"ABC",TRUE,0.63472605,2.6939147,0.608483553588708,2.58253591334459,6621,0.23259327,0.23561475,9.786703,1.59752747252747,4.55212485102734,15.0615659033848,0.99422906857383,15,16,1,192,166,13.5416665961372,6026,5967.5,0,4.13445376422701,4.13445701568946,NA,NA,NA,NA
7924,"ABC-SMC",TRUE,0.63472605,2.6939147,0.624482983893577,2.65044095878368,6621,0.23259327,0.23561475,9.786703,1.62774725274725,4.610889523487,15.3149551997258,0.994085476029579,15,15,0,192,169,11.9791666042752,6026,6001.5,0,1.61377494569091,1.61377511613745,NA,NA,NA,NA
7924,"NelderMead",TRUE,0.63472605,2.6939147,0.590050758652505,2.50430314168576,6621,0.23259327,0.23561475,9.786703,1.64423076923077,4.69824318346646,15.8505672115988,0.994077498885557,15,15,0,192,163,15.1041665879991,6026,5925.5,0,7.03850440082789,7.03851120189989,NA,NA,NA,NA
7924,"DE",TRUE,0.63472605,2.6939147,0.635664438770075,2.69789747360925,6621,0.23259327,0.23561475,9.786703,1.60164835164835,4.57072024045265,14.4549754820876,0.994290629542575,15,15,0,192,172,10.4166666124132,6026,6032,0,0.147841307547064,0.147843290317128,NA,NA,NA,NA
7924,"BiLSTM",TRUE,0.63472605,2.6939147,0.620307266712189,2.64965987205505,6621,0.23259327,0.23561475,9.786703,1.61950549450549,4.6031373677497,15.179517719539,0.994087834486357,15,15,0,192,168,12.4999999348958,6026,5995.5,0,2.27165098569713,1.64276959167454,NA,NA,NA,NA
8086,"Oracle",TRUE,0.16394833,1.5575309,0.16394833,1.5575309,9811,0.19569871,0.10526168,9.3704405,2.13873626373626,4.67023836368406,18.9965354045373,0.992690722724489,2,2,0,177,183,3.38983048932299,7268,7084.5,0,0,0,NA,NA,NA,NA
8086,"ABC",TRUE,0.16394833,1.5575309,0.166085386770539,1.57783332710004,9811,0.19569871,0.10526168,9.3704405,2.12912087912088,4.61036815292385,19.7334563829853,0.992743433426842,2,2,0,177,184,3.95480223754349,7268,7155,0,1.30348612619459,1.30349992189823,NA,NA,NA,NA
8086,"ABC-SMC",TRUE,0.16394833,1.5575309,0.167291134156906,1.58928808809537,9811,0.19569871,0.10526168,9.3704405,2.09340659340659,4.54147553114624,19.861702041072,0.992945630494829,2,2,0,177,184,3.95480223754349,7268,7163,0,2.03892517090859,2.03894302873476,NA,NA,NA,NA
8086,"NelderMead",TRUE,0.16394833,1.5575309,0.170227847280171,1.61718725447067,9811,0.19569871,0.10526168,9.3704405,2.15659340659341,4.60947423761677,17.5624596036732,0.992788535675515,2,2,0,177,184,3.95480223754349,7268,7278,0,3.83015732981099,3.8301850813245,NA,NA,NA,NA
8086,"DE",TRUE,0.16394833,1.5575309,0.165386564811388,1.57119442527792,9811,0.19569871,0.10526168,9.3704405,2.10302197802198,4.62175041765313,18.364325081245,0.992748826256561,2,2,0,177,184,3.95480223754349,7268,7126.5,0,0.877243482109988,0.877254923505582,NA,NA,NA,NA
8086,"BiLSTM",TRUE,0.16394833,1.5575309,0.172572016716003,1.55489325523376,9811,0.19569871,0.10526168,9.3704405,2.17032967032967,4.60679145094799,19.3690392425378,0.992957141698706,2,2,0,177,184,3.95480223754349,7268,7326,0,5.2599706970461,0.169347720341092,NA,NA,NA,NA
8862,"Oracle",TRUE,0.8812183,3.6399815,0.8812183,3.6399815,9557,0.13550277,0.24209417,16.00529,2.17857142857143,5.2521581121635,15.0616163949872,0.995042978048299,28,27,1,213,196,7.98122061980648,9206,9205,0,0,0,NA,NA,NA,NA
8862,"ABC",TRUE,0.8812183,3.6399815,5195.86223936235,21462.1535056476,9557,0.13550277,0.24209417,16.00529,3.15521978021978,7.34346723210576,16.6001343705666,0.992758918385831,28,26,2,213,217,1.87793426348388,9206,9301.5,0,589521.929565359,589522.436554231,NA,NA,NA,NA
8862,"ABC-SMC",TRUE,0.8812183,3.6399815,0.772851450035072,3.19235878350591,9557,0.13550277,0.24209417,16.00529,3.22252747252747,7.5315271425456,18.0328889716776,0.990780234070398,28,31,3,213,175.5,17.6056337201613,9206,9046,0,12.2973759159528,12.2973864982617,NA,NA,NA,NA
8862,"NelderMead",TRUE,0.8812183,3.6399815,0.791463554646908,3.26923839036235,9557,0.13550277,0.24209417,16.00529,2.99587912087912,6.90541474114718,17.445227177128,0.991968485414161,28,28,0,213,179,15.962441239613,9206,9073.5,0,10.18529046664,10.1852992325554,NA,NA,NA,NA
8862,"DE",TRUE,0.8812183,3.6399815,0.797863981642737,3.29567614801603,9557,0.13550277,0.24209417,16.00529,2.875,6.64364730028239,16.6214955826835,0.99244900290142,28,29,1,213,181,15.023474107871,9206,9093.5,0,9.45897557591658,9.45898371720112,NA,NA,NA,NA
8862,"BiLSTM",TRUE,0.8812183,3.6399815,0.856163799762726,3.53176140785217,9557,0.13550277,0.24209417,16.00529,2.26098901098901,5.40248213202165,14.7171297091811,0.994644418043844,28,28,0,213,192,9.85915488329035,9206,9174,0,2.84316290363524,2.97309374833059,NA,NA,NA,NA
9237,"Oracle",TRUE,0.46199816,2.908883,0.46199816,2.908883,7242,0.032173432,0.15882322,13.153119,2.01236263736264,4.23202403969158,19.2394280174705,0.991678509698318,61,52,9,122,113,7.37704911986025,6739,6709.5,0,0,0,NA,NA,NA,NA
9237,"ABC",TRUE,0.46199816,2.908883,0.450065425572027,2.83375079268653,7242,0.032173432,0.15882322,13.153119,1.97527472527473,4.14387539589492,19.2993236617338,0.991600942214999,61,53,8,122,110,9.836065493147,6739,6658,0,2.58284764586433,2.58285333184376,NA,NA,NA,NA
9237,"ABC-SMC",TRUE,0.46199816,2.908883,0.45203550761747,2.84615503713796,7242,0.032173432,0.15882322,13.153119,1.96840659340659,4.12568675601908,19.6868514111175,0.991711790739187,61,52,9,122,110,9.836065493147,6739,6676.5,0,2.15642218538449,2.15642709926006,NA,NA,NA,NA
9237,"NelderMead",TRUE,0.46199816,2.908883,0.457810297981598,2.8825148991539,7242,0.032173432,0.15882322,13.153119,2.01785714285714,4.20254697759598,19.0561840724044,0.991633318741823,61,53,8,122,112,8.19672124428917,6739,6701.5,0,0.906465288465457,0.90646793911686,NA,NA,NA,NA
9237,"DE",TRUE,0.46199816,2.908883,0.457867666918845,2.88287611168471,7242,0.032173432,0.15882322,13.153119,1.99313186813187,4.18354639505294,19.000314248697,0.991706734370965,61,51,10,122,112,8.19672124428917,6739,6697.5,0,0.894047747003476,0.894050375171027,NA,NA,NA,NA
9237,"BiLSTM",TRUE,0.46199816,2.908883,0.434721618890762,2.76115155220032,7242,0.032173432,0.15882322,13.153119,2.23076923076923,4.63191864454357,20.9736224580312,0.989698147081249,61,53,8,122,105,13.9344261152916,6739,6609,0,5.90402396169674,5.07862973565403,NA,NA,NA,NA
10462,"Oracle",TRUE,0.7175569,4.7050433,0.7175569,4.7050433,6792,0.093786806,0.15250804,14.211906,1.41483516483516,3.8489687501408,12.946782552175,0.995550304418936,26,29,3,173,162,6.35838146613652,6675,6655,0,0,0,NA,NA,NA,NA
10462,"ABC",TRUE,0.7175569,4.7050433,0.905874352304288,5.93984653074217,6792,0.093786806,0.15250804,14.211906,3.50824175824176,8.85924735721177,16.344700159888,0.981705164235151,26,26,0,173,189,9.24855485983494,6675,6700,0,26.2442169899165,26.2442423919828,NA,NA,NA,NA
10462,"ABC-SMC",TRUE,0.7175569,4.7050433,0.719135061034071,4.71539114288054,6792,0.093786806,0.15250804,14.211906,1.43818681318681,3.85476371476947,12.3670391624863,0.995560997493118,26,29,3,173,162,6.35838146613652,6675,6668.5,0,0.219935009296244,0.219930827867868,NA,NA,NA,NA
10462,"NelderMead",TRUE,0.7175569,4.7050433,0.717356517506935,4.70372917720885,6792,0.093786806,0.15250804,14.211906,1.42857142857143,3.85271418527336,14.1752542737335,0.99555163627515,26,31,5,173,163,5.78034678739684,6675,6667,0,0.0279256200879522,0.0279300832757198,NA,NA,NA,NA
10462,"DE",TRUE,0.7175569,4.7050433,0.689182457157905,4.51899098013393,6792,0.093786806,0.15250804,14.211906,1.51923076923077,4.07754504896925,12.4025332790514,0.995031810064879,26,31,5,173,158,8.67052018109526,6675,6644,0,3.95430707990184,3.95431600646289,NA,NA,NA,NA
10462,"BiLSTM",TRUE,0.7175569,4.7050433,0.72221702337265,4.70778131484985,6792,0.093786806,0.15250804,14.211906,1.44642857142857,3.89394077064286,12.9896294271133,0.995469749425021,26,29,3,173,162.5,6.06936412676668,6675,6659.5,0,0.649442138766794,0.0581931789644084,NA,NA,NA,NA
11813,"Oracle",TRUE,0.3589682,3.3652668,0.3589682,3.3652668,9158,0.18071632,0.10666858,5.0622773,1.70879120879121,5.70316569118406,8.39857376297465,0.996439169877659,19,16,3,319,291,8.77742943956919,8530,8507,0,0,0,NA,NA,NA,NA
11813,"ABC",TRUE,0.3589682,3.3652668,0.342059645232783,3.20675165294957,9158,0.18071632,0.10666858,5.0622773,1.78983516483516,6.09714173712875,8.06421488284325,0.99622659573341,19,16,3,319,278.5,12.6959247250911,8530,8448.5,0,4.71030795043615,4.71032786901625,NA,NA,NA,NA
11813,"ABC-SMC",TRUE,0.3589682,3.3652668,0.357238882536038,3.34905445011116,9158,0.18071632,0.10666858,5.0622773,1.71428571428571,5.71086779649214,8.74868192512037,0.996436773173655,19,16,3,319,290,9.09090906241094,8530,8485,0,0.481745359758438,0.481755118830068,NA,NA,NA,NA
11813,"NelderMead",TRUE,0.3589682,3.3652668,0.380730787743176,3.56928711100472,9158,0.18071632,0.10666858,5.0622773,2.14697802197802,6.85750771694149,9.73122146823455,0.995375517692421,19,15,4,319,307,3.76175547410108,8530,8560.5,0,6.06252228413356,6.06252824826363,NA,NA,NA,NA
11813,"DE",TRUE,0.3589682,3.3652668,0.351818870442109,3.29824274816548,9158,0.18071632,0.10666858,5.0622773,1.68681318681319,5.71423420306453,8.02059665993684,0.996473544178963,19,16,3,319,285,10.6583071766197,8530,8478,0,1.99162757080301,1.99164095750478,NA,NA,NA,NA
11813,"BiLSTM",TRUE,0.3589682,3.3652668,0.368251919746399,3.44435000419617,9158,0.18071632,0.10666858,5.0622773,1.83516483516484,6.01486254444534,8.61475824709751,0.996139475790734,19,15,4,319,296,7.2100313253604,8530,8536,0,2.58621623983309,2.34998249459276,NA,NA,NA,NA
13185,"Oracle",TRUE,0.46670246,3.3498409,0.46670246,3.3498409,7717,0.106388494,0.13932079,10.956147,2.05769230769231,5.01399141304708,16.0412754980512,0.993479937353752,31,29,2,177,166,6.21468923042548,7330,7336,0,0,0,NA,NA,NA,NA
13185,"ABC",TRUE,0.46670246,3.3498409,0.443381974113026,3.18245377529818,7717,0.106388494,0.13932079,10.956147,1.85027472527473,4.51744177823912,15.0781976268533,0.994508225593932,31,31,0,177,157,11.29943496441,7330,7279.5,0,4.99685300961214,4.99686641037655,NA,NA,NA,NA
13185,"ABC-SMC",TRUE,0.46670246,3.3498409,0.443770063814378,3.18523935885217,7717,0.106388494,0.13932079,10.956147,1.85714285714286,4.50518626659357,14.5485088745643,0.994531572756409,31,31,0,177,158,10.7344632161895,7330,7284,0,4.91369748696999,4.91371073804498,NA,NA,NA,NA
13185,"NelderMead",TRUE,0.46670246,3.3498409,0.446721840907064,3.20642626923852,7717,0.106388494,0.13932079,10.956147,1.88186813186813,4.52556838759169,15.0588964445725,0.994470019124172,31,31,0,177,158,10.7344632161895,7330,7277,0,4.28122369029276,4.2812358028443,NA,NA,NA,NA
13185,"DE",TRUE,0.46670246,3.3498409,0.445766952226616,3.19957238418341,7717,0.106388494,0.13932079,10.956147,1.89010989010989,4.5496346912885,14.7810168576435,0.994410613069199,31,32,1,177,159,10.169491467969,7330,7283,0,4.48582656177093,4.48583904263034,NA,NA,NA,NA
13185,"BiLSTM",TRUE,0.46670246,3.3498409,0.44685822725296,3.20775866508484,7717,0.106388494,0.13932079,10.956147,1.84615384615385,4.455673010671,14.9723514097488,0.994636318009039,31,30,1,177,158.5,10.4519773420792,7330,7288,0,4.25200034879531,4.2414609153692,NA,NA,NA,NA
13583,"Oracle",TRUE,0.51025885,2.8817847,0.51025885,2.8817847,7736,0.20333506,0.1770635,9.284979,1.64285714285714,4.59440055758273,10.5822041528769,0.99565179519675,21,18,3,220,194,11.8181817644628,7152,7132,0,0,0,NA,NA,NA,NA
13583,"ABC",TRUE,0.51025885,2.8817847,0.535644770893077,3.02515634726003,7736,0.20333506,0.1770635,9.284979,1.66071428571429,4.87050722813761,10.7917269641655,0.995512144834433,21,19,2,220,203,7.72727269214876,7152,7198.5,0,4.97509668712461,4.97509746335511,NA,NA,NA,NA
13583,"ABC-SMC",TRUE,0.51025885,2.8817847,0.51406861525027,2.90330087934707,7736,0.20333506,0.1770635,9.284979,1.62087912087912,4.54344111251121,9.8138752077711,0.995759235354495,21,18,3,220,194.5,11.5909090382231,7152,7141,0,0.746632377654246,0.746626626229361,NA,NA,NA,NA
13583,"NelderMead",TRUE,0.51025885,2.8817847,0.514721708412895,2.90698934796215,7736,0.20333506,0.1770635,9.284979,1.64835164835165,4.61289997223505,10.6039200716747,0.995637337394047,21,18,3,220,195,11.3636363119835,7152,7147,0,0.874624647205723,0.874619093368052,NA,NA,NA,NA
13583,"DE",TRUE,0.51025885,2.8817847,0.507822342833092,2.86802386055337,7736,0.20333506,0.1770635,9.284979,1.6771978021978,4.61699262281421,10.7771363816802,0.995605584371053,21,18,3,220,194,11.8181817644628,7152,7123.5,0,0.477503210748018,0.477510851921778,NA,NA,NA,NA
13583,"BiLSTM",TRUE,0.51025885,2.8817847,0.49298107624054,2.80539393424988,7736,0.20333506,0.1770635,9.284979,1.72252747252747,4.81526875540849,10.2826559067205,0.99533459354984,21,19,2,220,188,14.5454544793388,7152,7083,0,3.38607353870003,2.65081354765977,NA,NA,NA,NA
14326,"Oracle",TRUE,0.19056652,1.0114526,0.19056652,1.0114526,9716,0.14543022,0.18840878,9.918887,1.71703296703297,3.85110944482807,19.0245646380467,0.987778398815285,3,2,1,133,127,4.51127816156934,4516,4335,0,0,0,NA,NA,NA,NA
14326,"ABC",TRUE,0.19056652,1.0114526,0.170406780983861,0.904452441037309,9716,0.14543022,0.18840878,9.918887,2.4793956043956,5.38025235324658,24.2220619119039,0.981245711423032,3,2,1,133,128.5,3.383458621177,4516,3777.5,0,10.578790664925,10.5788499801366,NA,NA,NA,NA
14326,"ABC-SMC",TRUE,0.19056652,1.0114526,0.194042585864207,1.02990203463027,9716,0.14543022,0.18840878,9.918887,1.71840659340659,3.84298633305454,18.6826338015037,0.987740207318016,3,2,1,133,128.5,3.383458621177,4516,4434.5,0,1.82405997843022,1.82405150668999,NA,NA,NA,NA
14326,"NelderMead",TRUE,0.19056652,1.0114526,0.200251632838881,1.06285722373915,9716,0.14543022,0.18840878,9.918887,1.72802197802198,3.87528800773015,19.7838467269425,0.988147621482329,3,2,1,133,128.5,3.383458621177,4516,4607,0,5.08224740442706,5.08225228909661,NA,NA,NA,NA
14326,"DE",TRUE,0.19056652,1.0114526,0.194530144862387,1.03248980680405,9716,0.14543022,0.18840878,9.918887,1.71153846153846,3.87617405113925,19.1416588230849,0.987536160750415,3,2,1,133,128.5,3.383458621177,4516,4438,0,2.07990577953002,2.07989835658799,NA,NA,NA,NA
14326,"BiLSTM",TRUE,0.19056652,1.0114526,0.18961089849472,1.08597958087921,9716,0.14543022,0.18840878,9.918887,1.77197802197802,3.9491966076854,19.8344360841662,0.987197256489743,3,2,1,133,128.5,3.383458621177,4516,4311,0,0.50146084982348,7.36830447577739,NA,NA,NA,NA
15230,"Oracle",TRUE,0.3355025,1.8537585,0.3355025,1.8537585,7376,0.020065077,0.18098502,13.274375,2.42582417582418,3.85289244850933,38.5038358980853,0.978269792345505,70,85,15,63,54,14.2857140589569,5579,5504,0,0,0,NA,NA,NA,NA
15230,"ABC",TRUE,0.3355025,1.8537585,0.328391196717325,1.81446617359451,7376,0.020065077,0.18098502,13.274375,2.57005494505495,4.09276029266152,37.7045969656376,0.976675978597266,70,90,20,63,52,17.4603171831696,5579,5400.5,0,2.11959138508988,2.11960216012326,NA,NA,NA,NA
15230,"ABC-SMC",TRUE,0.3355025,1.8537585,0.333351092936322,1.84187118324114,7376,0.020065077,0.18098502,13.274375,2.44093406593407,3.91101220702729,36.9021605831349,0.977686073612442,70,88,18,63,54,14.2857140589569,5579,5486.5,0,0.641247278695454,0.641254529450018,NA,NA,NA,NA
15230,"NelderMead",TRUE,0.3355025,1.8537585,0.33361570340436,1.84333324053206,7376,0.020065077,0.18098502,13.274375,2.43269230769231,3.86916877804097,37.4494488036927,0.978185558697027,70,81,11,63,53,15.8730156210632,5579,5486.5,0,0.562377619202186,0.562384681936365,NA,NA,NA,NA
15230,"DE",TRUE,0.3355025,1.8537585,0.332538544931432,1.83738159617538,7376,0.020065077,0.18098502,13.274375,2.43131868131868,3.85271418527336,36.5475158788389,0.978435087454968,70,84,14,63,53,15.8730156210632,5579,5484,0,0.883434917539758,0.883442745653899,NA,NA,NA,NA
15230,"BiLSTM",TRUE,0.3355025,1.8537585,0.328031450510025,1.84366250038147,7376,0.020065077,0.18098502,13.274375,2.6043956043956,4.14006158047316,37.7482364987509,0.976112972580298,70,80,10,63,51,19.0476187452759,5579,5404,0,2.22681715391194,0.544622946964283,NA,NA,NA,NA
15684,"Oracle",TRUE,0.493963,2.6386976,0.493963,2.6386976,7843,0.21994135,0.18719953,16.628428,1.99587912087912,4.49518973673312,20.3490887971503,0.992991456754362,27,24,3,137,125,8.75912402365603,7244,7175.5,0,0,0,NA,NA,NA,NA
15684,"ABC",TRUE,0.493963,2.6386976,0.416013450165034,2.22229965088606,7843,0.21994135,0.18719953,16.628428,2.75137362637363,6.36876176141221,21.6332871159827,0.990857866838738,27,22,5,137,108,21.1678830571687,7244,6843.5,0,15.7804110896677,15.7804286216675,NA,NA,NA,NA
15684,"ABC-SMC",TRUE,0.493963,2.6386976,0.498989233846413,2.66554747144084,7843,0.21994135,0.18719953,16.628428,1.98076923076923,4.47628058907034,20.2891289232352,0.993038776682742,27,27,0,137,126,8.02919702168469,7244,7187,0,1.01753039622585,1.01754218692653,NA,NA,NA,NA
15684,"NelderMead",TRUE,0.493963,2.6386976,0.527871264009374,2.81983220796214,7843,0.21994135,0.18719953,16.628428,2.11813186813187,4.80941727296504,20.8943723507045,0.992365280586711,27,24,3,137,132,3.64963500985668,7244,7262,0,6.86452130304517,6.86454330032766,NA,NA,NA,NA
15684,"DE",TRUE,0.493963,2.6386976,0.530868665190491,2.83584400660883,7843,0.21994135,0.18719953,16.628428,2.13186813186813,4.89491213763484,20.8515790117566,0.992247572843448,27,24,3,137,133,2.91970800788534,7244,7277,0,7.47132689639145,7.47134995292112,NA,NA,NA,NA
15684,"BiLSTM",TRUE,0.493963,2.6386976,0.490965276956558,2.67263770103455,7843,0.21994135,0.18719953,16.628428,2.01510989010989,4.56478096678529,20.3427012800933,0.992785380788046,27,23,4,137,125,8.75912402365603,7244,7168.5,0,0.606870752411463,1.28624394747266,NA,NA,NA,NA
15755,"Oracle",TRUE,0.6070796,4.34827,0.6070796,4.34827,9746,0.044941515,0.13961406,4.893379,1.79395604395604,6.07349673889454,4.95605309052435,0.997217505998314,22,22,0,420,407,3.09523808786848,9489,9504,0,0,0,NA,NA,NA,NA
15755,"ABC",TRUE,0.6070796,4.34827,240.159345238983,1720.1659004758,9746,0.044941515,0.13961406,4.893379,16.043956043956,53.1270765592863,25.4023639160601,0.84762973413036,22,17,5,420,602,43.3333332301587,9489,9637,0,39459.7135271631,39459.7675829266,NA,NA,NA,NA
15755,"ABC-SMC",TRUE,0.6070796,4.34827,0.595911855995291,4.26827968469143,9746,0.044941515,0.13961406,4.893379,1.66346153846154,5.5131585849146,5.69246043391224,0.997640452026682,22,22,0,420,402,4.2857142755102,9489,9491.5,0,1.83958176306558,1.83958900695403,NA,NA,NA,NA
15755,"NelderMead",TRUE,0.6070796,4.34827,0.604839481515133,4.33222471658752,9746,0.044941515,0.13961406,4.893379,1.78846153846154,6.0170316876073,5.40899992092825,0.997247104279502,22,22,0,420,408,2.85714285034014,9489,9497,0,0.368998529168458,0.369003758332455,NA,NA,NA,NA
15755,"DE",TRUE,0.6070796,4.34827,0.589475749358389,4.22218041190399,9746,0.044941515,0.13961406,4.893379,1.67994505494505,5.45328563123409,5.16496045830233,0.997690837832887,22,23,1,420,397,5.47619046315193,9489,9471.5,0,2.89975509703507,2.89976379337926,NA,NA,NA,NA
15755,"BiLSTM",TRUE,0.6070796,4.34827,0.597095370292664,4.35365390777588,9746,0.044941515,0.13961406,4.893379,1.67307692307692,5.53572314781283,5.06448996230809,0.997622130908852,22,22,0,420,403.5,3.92857141921769,9489,9485,0,1.64463000585696,0.123817208630249,NA,NA,NA,NA
17436,"Oracle",TRUE,0.29372135,2.65825,0.29372135,2.65825,7017,0.16303264,0.11049425,7.573692,1.67857142857143,4.39702071962269,10.3570193412195,0.993951749327927,24,23,1,162,145,10.4938270957171,6401,6330,0,0,0,NA,NA,NA,NA
17436,"ABC",TRUE,0.29372135,2.65825,0.280776703607129,2.54109787257825,7017,0.16303264,0.11049425,7.573692,1.6771978021978,4.4503518813833,11.9071898089823,0.994176892148363,24,21,3,162,138,14.8148147233653,6401,6265.5,0,4.40710296403083,4.40711307629528,NA,NA,NA,NA
17436,"ABC-SMC",TRUE,0.29372135,2.65825,0.288382819898394,2.60993508620036,7017,0.16303264,0.11049425,7.573692,1.62912087912088,4.33266407906014,9.79979217778326,0.994212227762989,24,21,3,162,141,12.9629628829447,6401,6288,0,1.81754303055454,1.81754521298553,NA,NA,NA,NA
17436,"NelderMead",TRUE,0.29372135,2.65825,0.293159269259923,2.65316312170021,7017,0.16303264,0.11049425,7.573692,1.67994505494505,4.39225404597635,11.7147294016953,0.993963514694148,24,21,3,162,145,10.4938270957171,6401,6326.5,0,0.191364647626224,0.191361850321497,NA,NA,NA,NA
17436,"DE",TRUE,0.29372135,2.65825,0.283680684715426,2.56737961220087,7017,0.16303264,0.11049425,7.573692,1.65934065934066,4.42551294599449,11.3281636549024,0.994123616565885,24,23,1,162,140,13.5802468297516,6401,6266,0,3.41842058820991,3.41842767289958,NA,NA,NA,NA
17436,"BiLSTM",TRUE,0.29372135,2.65825,0.295605272054672,2.67130446434021,7017,0.16303264,0.11049425,7.573692,1.65521978021978,4.38254843318711,10.5398376351609,0.99399928842898,24,24,0,162,146,9.87654314891023,6401,6325.5,0,0.641395540609099,0.491092238475982,NA,NA,NA,NA
18294,"Oracle",TRUE,0.2833339,1.6020901,0.2833339,1.6020901,7433,0.097403474,0.17685266,8.477066,1.74450549450549,3.59754189583772,23.2339973683638,0.989867690837164,27,26,1,89,77,13.4831459159197,5145,5134,0,0,0,NA,NA,NA,NA
18294,"ABC",TRUE,0.2833339,1.6020901,0.27602020616307,1.56073539500661,7433,0.097403474,0.17685266,8.477066,1.74038461538462,3.72850985170828,22.1907324999339,0.98993449438329,27,2,25,89,75,15.7303369019063,5145,5015.5,0,2.58128943413961,2.58129547023824,NA,NA,NA,NA
18294,"ABC-SMC",TRUE,0.2833339,1.6020901,0.282423192689588,1.59694059840315,7433,0.097403474,0.17685266,8.477066,1.73351648351648,3.60973957235419,23.3186852017549,0.989863858058723,27,28,1,89,77,13.4831459159197,5145,5110,0,0.321424332269706,0.321423769026001,NA,NA,NA,NA
18294,"NelderMead",TRUE,0.2833339,1.6020901,0.276379982137804,1.56276972106501,7433,0.097403474,0.17685266,8.477066,1.77472527472527,3.73081171381726,22.6677470609837,0.989805314589899,27,2,25,89,75,15.7303369019063,5145,5029,0,2.45431038047061,2.45431604575982,NA,NA,NA,NA
18294,"DE",TRUE,0.2833339,1.6020901,0.276374996679504,1.56274153116783,7433,0.097403474,0.17685266,8.477066,1.75412087912088,3.70893263873602,22.4326135154652,0.98996815821128,27,2,25,89,75,15.7303369019063,5145,5020.5,0,2.45606994425891,2.45607561468695,NA,NA,NA,NA
18294,"BiLSTM",TRUE,0.2833339,1.6020901,0.282169729471207,1.55652248859406,7433,0.097403474,0.17685266,8.477066,1.73901098901099,3.57302162272824,23.2971513984753,0.990072857925813,27,27,0,89,77,13.4831459159197,5145,5116,0,0.410881444112025,2.84425844485029,NA,NA,NA,NA
