"sim_idx","method","pred_crate","pred_ptran","pred_beta","n_reps","lid","coverage","mean_bias","mae","rmse","smape_full","smape_info","pearson_r","ci_width","peak_day_obs","peak_day_pred","peak_day_err","rel_peak_err","o_mae","o_smape_full","o_smape_info","o_peak","o_cov","excess_mae","excess_smape_full","excess_smape_info","excess_peak_err","coverage_gap"
19,"Oracle",14.6766887721606,0.0225993161457486,0.331683129534816,1000,220,0.989010989010989,0.0357142857142857,1.86538461538462,3.39703328874404,29.9813156824623,37.9598228694709,0.983451657262036,9.70590659340659,39,25,14,26.0869561436673,1.86538461538462,29.9813156824623,37.9598228694709,14,0.989010989010989,0,0,0,0,0
19,"ABC",3.15139958317023,0.112538182115551,0.354652780209683,300,220,0.975274725274725,0.648351648351648,1.97802197802198,3.55567956132961,31.6957074091059,40.8093141411524,0.983138906826469,9.73104395604395,39,31,8,18.8405794370931,1.86538461538462,29.9813156824623,37.9598228694709,14,0.989010989010989,0.112637362637363,1.71439172664358,2.84949127168156,-6,0.0137362637362638
19,"ABC-SMC",4.8479660178825,0.0670211294238306,0.324916157926836,300,220,0.986263736263736,-0.148351648351648,1.9010989010989,3.53436815311567,29.7498506926952,36.661863708396,0.982792663917569,9.57657967032967,39,26,13,27.5362314849822,1.86538461538462,29.9813156824623,37.9598228694709,14,0.989010989010989,0.0357142857142856,-0.231464989767044,-1.29795916107491,-1,0.00274725274725274
19,"NelderMead",10.5,0.5005,5.25525,300,220,0.453296703296703,4.90384615384615,14.4917582417582,38.1886763321276,89.7036441509303,137.224332287381,0.704463358779783,7.14581043956044,39,12,27,273.913039508507,1.86538461538462,29.9813156824623,37.9598228694709,14,0.989010989010989,12.6263736263736,59.722328468468,99.2645094179103,13,0.535714285714286
19,"DE",12.8441640462439,0.0263888822039277,0.338943132024254,300,220,0.978021978021978,0.251373626373626,1.85576923076923,3.40097351932074,29.8173979416797,37.6873751176679,0.98328087352552,9.5742445054945,39,25,14,24.6376808023525,1.86538461538462,29.9813156824623,37.9598228694709,14,0.989010989010989,-0.00961538461538458,-0.163917740782544,-0.27244775180295,0,0.0109890109890111
19,"BiLSTM",9.87201980431564,0.0333964118481347,0.329690039157867,300,220,0.989010989010989,-0.0384615384615385,1.84340659340659,3.39197501545847,28.2892105015241,35.1473740755827,0.983731370553704,9.60817307692307,39,30,9,24.6376808023525,1.86538461538462,29.9813156824623,37.9598228694709,14,0.989010989010989,-0.0219780219780221,-1.69210518093821,-2.81244879388817,-5,0
41,"Oracle",10.6757046910934,0.0574681250000452,0.613512731651324,1000,168,0.994505494505495,-0.199175824175824,1.7239010989011,3.88776257019353,19.1578539173359,34.5716169216113,0.995375754046951,9.7301510989011,25,25,0,8.97435891683103,1.7239010989011,19.1578539173359,34.5716169216113,0,0.994505494505495,0,0,0,0,0
41,"ABC",4.97598750653056,0.257625558699471,1.28194156145152,300,168,0.777472527472527,0.0700549450549451,6.83653846153846,16.4125010984826,33.5156859092038,65.8665321613711,0.946190971267713,8.69038461538461,25,19,6,28.8461536612426,1.7239010989011,19.1578539173359,34.5716169216113,0,0.994505494505495,5.11263736263736,14.3578319918678,31.2949152397598,6,0.217032967032967
41,"ABC-SMC",5.43640632844831,0.116007748499699,0.630665258092804,300,168,0.989010989010989,-0.141483516483516,1.81730769230769,4.10766838491614,18.5976143453065,33.3504959382657,0.994966831860686,9.68543956043956,25,27,2,7.05128200608153,1.7239010989011,19.1578539173359,34.5716169216113,0,0.994505494505495,0.0934065934065933,-0.560239572029435,-1.22112098334559,2,0.00549450549450547
41,"NelderMead",10.5,0.5005,5.25525,300,168,0.695054945054945,0.0686813186813187,12.1208791208791,31.6290961817553,43.2429706905071,87.0685181517568,0.822227482551368,8.29512362637362,25,11,14,80.448717433021,1.7239010989011,19.1578539173359,34.5716169216113,0,0.994505494505495,10.396978021978,24.0851167731712,52.4969012301456,14,0.299450549450549
41,"DE",4.39506727352775,0.13398763686701,0.588884677851516,300,168,0.994505494505495,-0.232142857142857,1.65796703296703,3.75512470345014,20.5375202219093,37.5787937770885,0.995695880450767,9.74059065934066,25,27,2,10.256410190664,1.7239010989011,19.1578539173359,34.5716169216113,0,0.994505494505495,-0.0659340659340659,1.37966630457333,3.0071768554772,2,0
41,"BiLSTM",9.87201980431564,0.0590858957951792,0.58329713344574,300,168,0.991758241758242,-0.237637362637363,1.6771978021978,3.86490620843508,19.9082280112599,36.2071628508826,0.995466266761876,9.7440934065934,25,28,3,10.8974358275805,1.7239010989011,19.1578539173359,34.5716169216113,0,0.994505494505495,-0.0467032967032968,0.750374093923948,1.63554592927135,3,0.00274725274725274
47,"Oracle",14.3034074292518,0.0369959528195748,0.529168186411755,1000,136,0.975274725274725,-0.0796703296703297,2.07142857142857,4.89378951572049,18.0066013721071,22.8721441111069,0.993393963187645,9.9220467032967,38,32,6,12.280701682569,2.07142857142857,18.0066013721071,22.8721441111069,6,0.975274725274725,0,0,0,0,0
47,"ABC",3.71100516329295,0.179643488409719,0.666657913040424,300,136,0.854395604395604,0.388736263736264,4.32554945054945,9.76548502646939,24.5591246759357,38.0705546817575,0.981722154741941,9.40913461538461,38,29,9,5.26315786395814,2.07142857142857,18.0066013721071,22.8721441111069,6,0.975274725274725,2.25412087912088,6.55252330382865,15.1984105706506,3,0.120879120879121
47,"ABC-SMC",4.83152790613115,0.108459503348369,0.52402511711277,300,136,0.980769230769231,-0.105769230769231,2.16071428571429,5.03851920946778,18.2831419229673,22.7288915815733,0.993001207921146,9.82802197802197,38,31,7,12.8654970007866,2.07142857142857,18.0066013721071,22.8721441111069,6,0.975274725274725,0.089285714285714,0.276540550860247,-0.143252529533626,1,-0.00549450549450547
47,"NelderMead",10.5,0.5005,5.25525,300,136,0.651098901098901,0.71978021978022,18.8736263736264,50.5834774092607,56.3554371264779,123.802834178034,0.657263012369059,7.80597527472527,38,11,27,118.713449598167,2.07142857142857,18.0066013721071,22.8721441111069,6,0.975274725274725,16.8021978021978,38.3488357543708,100.930690066927,21,0.324175824175824
47,"DE",2.96725680793794,0.179587264016919,0.532881531773151,300,136,0.972527472527473,-0.0260989010989011,2.13049450549451,5.02924141702993,18.8626225380102,22.7110970654249,0.993047139370811,9.93901098901098,38,32,6,11.9883040234602,2.07142857142857,18.0066013721071,22.8721441111069,6,0.975274725274725,0.0590659340659339,0.85602116590308,-0.161047045682057,0,0.00274725274725274
47,"BiLSTM",9.87201980431564,0.0519787142779938,0.513134896755219,300,136,0.986263736263736,-0.141483516483516,2.15796703296703,4.96311947720936,18.5339215437055,25.2816092816062,0.993311400241643,9.91840659340659,38,33,5,14.6198829554393,2.07142857142857,18.0066013721071,22.8721441111069,6,0.975274725274725,0.0865384615384612,0.52732017159838,2.40946517049931,-1,-0.0109890109890111
88,"Oracle",10.6799636012875,0.0422758637594459,0.451504686163872,1000,99,0.991758241758242,-0.357142857142857,1.24725274725275,3.32489775105116,9.79222754427595,32.2895023073066,0.995237022786163,6.49649725274725,24,21,3,7.97101443499265,1.24725274725275,9.79222754427595,32.2895023073066,3,0.991758241758242,0,0,0,0,0
88,"ABC",3.65948306825672,0.123023944203159,0.45020404080162,300,99,0.994505494505495,-0.351648351648352,1.23351648351648,3.26528527269639,10.030668940362,33.1751417784833,0.99541557315256,6.45625,24,20,4,7.97101443499265,1.24725274725275,9.79222754427595,32.2895023073066,3,0.991758241758242,-0.0137362637362637,0.238441396086023,0.885639471176653,1,-0.00274725274725274
88,"ABC-SMC",4.66766548713317,0.0998103628444147,0.465881385907113,300,99,0.986263736263736,-0.173076923076923,1.22252747252747,3.35819483167259,10.8321226164134,36.1519697181027,0.994985265493087,6.37788461538461,24,23,1,2.89855070363369,1.24725274725275,9.79222754427595,32.2895023073066,3,0.991758241758242,-0.0247252747252746,1.03989507213742,3.86246741079614,-2,0.00549450549450547
88,"NelderMead",10.5,0.5005,5.25525,300,99,0.747252747252747,1.93131868131868,17.989010989011,64.1061533793668,43.762785196493,158.465859301256,0.496558655425009,4.17245879120879,24,8,16,316.666664371981,1.24725274725275,9.79222754427595,32.2895023073066,3,0.991758241758242,16.7417582417582,33.9705576522171,126.176356993949,13,0.244505494505495
88,"DE",10.5242139252751,0.043301453224702,0.455713757012057,300,99,0.989010989010989,-0.31456043956044,1.19917582417582,3.27190420746958,9.53949145055555,31.3507682449165,0.995277417019663,6.42081043956044,24,22,2,6.88405792113002,1.24725274725275,9.79222754427595,32.2895023073066,3,0.991758241758242,-0.0480769230769231,-0.252736093720406,-0.938734062390079,-1,0.00274725274725274
88,"BiLSTM",9.87201980431564,0.0445077350438784,0.439381241798401,300,99,0.994505494505495,-0.535714285714286,1.38736263736264,3.63571266650798,9.32641526403972,30.5593424092863,0.995115292465398,6.46929945054945,24,22,2,11.2318839765806,1.24725274725275,9.79222754427595,32.2895023073066,3,0.991758241758242,0.14010989010989,-0.465812280236234,-1.73015989802029,-1,-0.00274725274725274
